RegNumber,FirstName,LastName,module,TotalHours
22RP00396,Ayinkamiye,Marie Jeanne,PHP,100
22RP00155,Benimana ,Theophile,PHP,90
22RP01016,Bienvenue ,Fabrice,PHP,89
22RP00990,Bikorimana ,Japhet,PHP,90
22RP01632,Bimenyimana ,Joseph,PHP,90
22RP00289,Igiraneza ,Nicolas,PHP,90
22RP01527,Ikirezi ,Domina,PHP,100
22RP00966,Iragena ,Soleil,PHP,100
22RP01305,Iturinde ,Patrick,PHP,100
22RP00535,Iyamuduhaye ,Monique,PHP,100
22RP01550,Izere ,Emelyne,PHP,100
22RP00311,Mahoro ,Adeline,PHP,100
22RP00695,Manishimwe ,Etienne,PHP,90
22RP00190,Masengesho ,Leandre,PHP,98
22RP01008,Mbabazi ,Grace,PHP,89
22RP00293,Mbagire ,Patrick,PHP,90
22RP00282,Mugemangango ,Fabrice,PHP,79
22RP00437,Muhirwa ,Bertin,PHP,78
22RP00029,Ndagijimana ,Olivier,PHP,90
22RP00561,Ngabo ,Faustin,PHP,100
22RP01468,Nisingizwe Mugabekazi  ,Agnes,PHP,100
22RP00343,Niyigena ,Gilbert,PHP,100
22RP00751,Niyonzima ,Jeremie,PHP,90
22RP00891,Nshimiyimana ,Romeo,PHP,98
22RP00135,Nshimyumukiza ,Fabrice,PHP,99
22RP00037,Ntaganda ,David,PHP,98
22RP01442,Ntirenganya, Jules Fabrice,PHP,100
22RP00164,Nzayisenga ,Gilbert,PHP,100
22RP00730,Shyaka ,Pacifique,PHP,90
22RP00789,Twagirayezu Hirwa ,Aimery Raymond,PHP,98
22RP00370,Ugirimana ,Jean Anime,PHP,99
22RP00917,Umugwaneza ,Elvine,PHP,98
22RP00364,Umurisa ,Esther,PHP,100
22RP00631,Uwineza ,Gentille,PHP,100
